version,run_id,development_completion,golden_truth_pass,judge_pass,truth_and_judge_pass,tokens_per_development_query,development_latency_seconds,gate
v1,89373de5f91741d18d90078abce1f6f3,0.47619047619047616,0.4444444444444444,0.48148148148148145,0.35185185185185186,4197.857142857143,5.167706295809538,REJECT
v2,458fcb260c5542f8baa4f2ed4eca213a,0.4857142857142857,0.48148148148148145,0.37037037037037035,0.2037037037037037,2898.304761904762,3.036708030752301,REJECT
v3,b252c60fc035477a9e490c487d3c4a4b,0.5047619047619047,0.5740740740740741,0.42592592592592593,0.3333333333333333,1727.009523809524,1.4593953333046688,REJECT
v4,c28846db778240f59120fd8c1a0a15a1,0.5142857142857142,0.5740740740740741,0.42592592592592593,0.35185185185185186,1566.6857142857143,1.329943035561917,REJECT
v5,9ab535a1fb314ea4be2d97297f2a7715,0.6666666666666666,0.7222222222222222,0.5,0.4074074074074074,2972.552380952381,2.2104774346759464,REJECT
v6,303cc35407fe4fa49a7a3e98a4b7a574,0.5619047619047619,0.6296296296296297,0.4074074074074074,0.3333333333333333,2620.0857142857144,1.6564842076762163,REJECT
v7,66a09b3e346446ac991d74fb71b1e9e6,0.580952380952381,0.6296296296296297,0.48148148148148145,0.3148148148148148,2207.190476190476,1.4487436807906349,REJECT
v8,e6bcde8e82864e77956a776125c10ca8,0.5142857142857142,0.6481481481481481,0.46296296296296297,0.4074074074074074,2713.9142857142856,1.6024067446667427,REJECT
v9,3d7e55fca7654927bbd40b2fc96a90f6,0.6476190476190476,0.6851851851851852,0.5740740740740741,0.5185185185185185,4368.085714285714,8.018490035495294,REJECT
v10,80822374a88c461592acbb2f63012143,0.6857142857142857,0.6851851851851852,0.5740740740740741,0.5,4082.2380952380954,7.393438700095326,REJECT
v11,0f410b2f48d040628b54c584cb786ed2,0.6571428571428571,0.6296296296296297,0.5925925925925926,0.46296296296296297,5926.1238095238095,9.662702723762015,REJECT
v12,b69699e46ee14cbdbcb0e69b8fa154c3,0.6095238095238096,0.6481481481481481,0.7037037037037037,0.5370370370370371,5254.8761904761905,8.7286983024761,REJECT
v14,63a3a8e99aa5477085064b4703376371,0.9619047619047619,0.6481481481481481,0.5,0.5,5571.542857142857,59.22919544452362,REJECT
